,state,year,married_last_year,marriage_rate_per_1000,divorced_last_year,divorce_rate_per_1000,population_over_15
0,Alabama,2011,75517,19.48947521367786,50452.0,13.020684130466988,3874758
1,Alaska,2011,15537,27.49123260233349,7469.0,13.215679752000312,565162
2,Arizona,2011,94665,18.45534251606764,55091.0,10.740223678790286,5129409
3,Arkansas,2011,49544,21.15117299699109,28500.0,12.167132859967827,2342376
4,California,2011,489201,16.272857879895778,239728.0,7.9743493448125715,30062390
5,Colorado,2011,86197,21.089725961035008,44916.0,10.98954872287723,4087156
6,Connecticut,2011,40351,13.791337955624094,26488.0,9.053182319361875,2925822
7,Delaware,2011,11215,15.199628107182113,4895.0,6.634166703937266,737847
8,District of Columbia,2011,9694,18.32278648491309,4953.0,9.361745560117036,529068
9,Florida,2011,229663,14.563039999644902,153677.0,9.74473161991888,15770265
10,Georgia,2011,144375,18.6621111510816,82768.0,10.698705563655217,7736263
11,Hawaii,2011,25874,23.073911604998607,8278.0,7.38215352346674,1121353
12,Idaho,2011,24482,19.99490367621356,14585.0,11.91184013224307,1224412
13,Illinois,2011,156438,15.163571215948046,88590.0,8.587049016356879,10316699
14,Indiana,2011,91945,17.700973770138962,55972.0,10.775560431368948,5194347
15,Iowa,2011,41899,17.020531556981144,24926.0,10.125629957500465,2461674
16,Kansas,2011,40663,17.93639885208459,25027.0,11.039378650643608,2267066
17,Kentucky,2011,58614,16.660025092077237,41381.0,11.761840146300338,3518242
18,Louisiana,2011,58915,16.17911903646433,35525.0,9.755804188583472,3641422
19,Maine,2011,19206,17.340257639066955,14236.0,12.853061946774817,1107596
20,Maryland,2011,74563,15.80442472173801,48308.0,10.239396878582136,4717856
21,Massachusetts,2011,79435,14.601361776654953,36487.0,6.706865829229046,5440246
22,Michigan,2011,125566,15.684617842486293,78105.0,9.7562005366691,8005678
23,Minnesota,2011,66926,15.623880169139253,32569.0,7.603235711512661,4283571
24,Mississippi,2011,43389,18.463254977938476,25698.0,10.935230736432345,2350019
25,Missouri,2011,81670,16.868735542964878,50392.0,10.40834237150834,4841501
26,Montana,2011,15639,19.19317248819066,9498.0,11.656547879841094,814821
27,Nebraska,2011,29195,20.040609778197574,14706.0,10.094783606719423,1456792
28,Nevada,2011,36382,16.746320085687838,23939.0,11.01891475266014,2172537
29,New Hampshire,2011,16925,15.51411532418772,12000.0,10.999668176676671,1090942
30,New Jersey,2011,95285,13.340727658743948,47985.0,6.718316804374544,7142414
31,New Mexico,2011,31399,19.05147338108893,19675.0,11.937887791742561,1648114
32,New York,2011,232169,14.54918968930074,116276.0,7.286595455522195,15957521
33,North Carolina,2011,145037,18.738431970100574,77716.0,10.040720498826758,7740082
34,North Dakota,2011,13076,23.46784209279453,4068.0,7.300946897635987,557188
35,Ohio,2011,149259,16.004044463363403,90916.0,9.748314717579156,9326330
36,Oklahoma,2011,68927,22.92122874838924,41599.0,13.833478821133141,3007125
37,Oregon,2011,52561,16.659709405171576,33971.0,10.767431902039222,3154977
38,Pennsylvania,2011,143346,13.667360811899163,78784.0,7.511680508731765,10488199
39,Rhode Island,2011,10531,12.067659566178468,7757.0,8.88888379592122,872663
40,South Carolina,2011,63370,16.781651566622916,33418.0,8.849759066646753,3776148
41,South Dakota,2011,10414,15.89001800482163,7243.0,11.05160364979096,655380
42,Tennessee,2011,95586,18.494615750007497,64132.0,12.40868639005169,5168315
43,Texas,2011,401188,20.2226799401044,220326.0,11.105970718175621,19838518
44,Utah,2011,56974,27.587495902355737,23475.0,11.366877282757065,2065211
45,Vermont,2011,8947,17.055256591350563,5364.0,10.22514768704643,524589
46,Virginia,2011,111363,16.98440911069431,62052.0,9.463794564952481,6556778
47,Washington,2011,104344,18.914058530549635,61738.0,11.191023399132423,5516743
48,West Virginia,2011,28428,18.507113663676762,17195.0,11.194238759213519,1536058
49,Wisconsin,2011,74791,16.193586005325905,36946.0,7.99946823217728,4618557
50,Wyoming,2011,10146,22.319454618648823,5065.0,11.142128685536791,454581
51,Puerto Rico,2011,27240,9.09016280201265,20718.0,6.913729549636494,2996646
52,Alabama,2012,75260,19.366659289872004,43374.0,11.161433431290304,3886060
53,Alaska,2012,13765,23.964219931127897,5036.0,8.767439998050133,574398
54,Arizona,2012,91642,17.613235700273243,48304.0,9.28384078551318,5203019
55,Arkansas,2012,49996,21.239031286746464,33936.0,14.416508635631411,2353968
56,California,2012,488044,16.04562860151611,233747.0,7.684998788466995,30416010
57,Colorado,2012,88505,21.314220815375815,49465.0,11.912410966979996,4152392
58,Delaware,2012,11338,15.183167547820684,7852.0,10.514926052697831,746748
59,District of Columbia,2012,10957,20.326311786366883,3957.0,7.34062386954949,539055
60,Connecticut,2012,42645,14.477162102798884,26945.0,9.147312295929556,2945674
61,Florida,2012,244055,15.237669369265816,160808.0,10.040110368289515,16016557
62,Georgia,2012,154987,19.793704205659278,84358.0,10.77353132444015,7830116
63,Idaho,2012,27151,21.904429210961332,15455.0,12.468526148407328,1239521
64,Hawaii,2012,20607,18.11414893738589,9109.0,8.0070744247415,1137619
65,Illinois,2012,152894,14.780012771824188,87133.0,8.423004518472649,10344646
66,Indiana,2012,104140,19.95430858052514,61176.0,11.721958725967024,5218923
67,Iowa,2012,45167,18.269082590070294,24473.0,9.898803512006339,2472319
68,Kansas,2012,49780,21.82115942333926,29214.0,12.806013487212397,2281272
69,Kentucky,2012,68362,19.360954266606363,44730.0,12.668082916610143,3530921
70,Louisiana,2012,63930,17.450373027995933,35038.0,9.563994527685304,3663532
71,Maine,2012,17067,15.350478763686993,11623.0,10.454011523427312,1111822
72,Maryland,2012,79941,16.74598250177743,44175.0,9.25374685100284,4773742
73,Massachusetts,2012,82449,14.99579857915586,43852.0,7.975788175637579,5498140
74,Michigan,2012,125482,15.62486380759958,78513.0,9.7763418827088,8030918
75,Minnesota,2012,75732,17.549124316493216,34470.0,7.987618380466926,4315429
76,Mississippi,2012,38162,16.17048287294082,27433.0,11.624255978548963,2359979
77,Missouri,2012,95145,19.590708718519124,52406.0,10.790589953257799,4856639
78,Montana,2012,16017,19.49282390983428,9163.0,11.151448179172847,821687
79,Nebraska,2012,24620,16.802180598190386,13342.0,9.105389664543305,1465286
80,Nevada,2012,46749,21.20552471301621,29923.0,13.573186934214291,2204567
81,New Hampshire,2012,16856,15.351128839831334,10759.0,9.79845723705181,1098030
82,New Jersey,2012,99941,13.886764117594177,49676.0,6.902461395279298,7196853
83,New Mexico,2012,28626,17.30489525539017,16346.0,9.881430093083482,1654214
84,New York,2012,238732,14.862258652183167,117595.0,7.320875735986293,16062969
85,North Carolina,2012,138360,17.64711509334694,74192.0,9.462812684342266,7840375
86,North Dakota,2012,11003,19.309030477136442,4960.0,8.704243494192198,569837
87,Ohio,2012,150605,16.10433810373758,92623.0,9.904266844941972,9351828
88,Oklahoma,2012,64910,21.446507632326703,38280.0,12.64785567964052,3026600
89,Oregon,2012,51275,16.097713355529496,35060.0,11.007037157383992,3185235
90,Pennsylvania,2012,147631,14.033658498561756,81459.0,7.743412885060334,10519780
91,Rhode Island,2012,9446,10.823024190822542,7108.0,8.144193939060623,872769
92,South Carolina,2012,73771,19.321633126002475,36367.0,9.525014326677583,3818052
93,South Dakota,2012,13731,20.741221875637258,6350.0,9.591927675354787,662015
94,Tennessee,2012,106747,20.463721929406514,59742.0,11.452721626899153,5216402
95,Texas,2012,402427,19.919512551148603,214268.0,10.605933785033086,20202653
96,Vermont,2012,5007,9.533311373904963,4144.0,7.890162239557054,525211
97,Utah,2012,59110,28.135976112741915,26657.0,12.688558877302677,2100869
98,Virginia,2012,122748,18.479000663448332,60195.0,9.06200870838036,6642567
99,Washington,2012,107859,19.340900610052735,57237.0,10.263539697360335,5576731
100,West Virginia,2012,26684,17.376785281698762,19624.0,12.779269763455872,1535612
101,Wisconsin,2012,71849,15.503630079316682,38707.0,8.352224936743877,4634334
102,Wyoming,2012,12977,28.134173362182224,6687.0,14.497435252594014,461254
103,Puerto Rico,2012,24628,8.268463874655621,26350.0,8.84659830669058,2978546
104,Mississippi,2013,44947,18.92063914354294,24871.0,10.469557837876975,2375554
105,Missouri,2013,86845,17.794338062713027,47189.0,9.668916101575972,4880485
106,Montana,2013,15201,18.332370545195364,8437.0,10.17500232154551,829189
107,Nebraska,2013,28850,19.507491620568807,14552.0,9.83961934358812,1478919
108,Nevada,2013,40826,18.229286434126355,25559.0,11.412392396263053,2239583
109,New Hampshire,2013,16881,15.294626087571045,10504.0,9.516897839218425,1103721
110,New Jersey,2013,101756,14.068486747299113,48883.0,6.758420512483024,7232903
111,New Mexico,2013,30953,18.64042285268989,15216.0,9.163333897409926,1660531
112,New York,2013,228961,14.179106927004733,106259.0,6.58041204815054,16147773
113,North Carolina,2013,144236,18.168891737409403,72467.0,9.128408147306132,7938624
114,North Dakota,2013,14526,24.72599020560735,4213.0,7.1713201663378605,587479
115,Ohio,2013,147196,15.681916075391582,81104.0,8.640629646040374,9386353
116,Oklahoma,2013,68718,22.504666775831012,38089.0,12.473882429998362,3053500
117,Oregon,2013,53049,16.479148746613635,32319.0,10.039578660140739,3219159
118,Pennsylvania,2013,160563,15.23410759599059,75772.0,7.189195523024601,10539705
119,Rhode Island,2013,12500,14.250015960017876,6196.0,7.063447911061661,877192
120,South Carolina,2013,64870,16.750379833647838,33292.0,8.596479812267672,3872748
121,South Dakota,2013,15570,23.280119495642264,5722.0,8.55548129441651,668811
122,Tennessee,2013,96050,18.277385441420265,57287.0,10.901161684358591,5255128
123,Texas,2013,413464,20.122580791166122,209297.0,10.186124528008959,20547265
124,Vermont,2013,9051,17.208827438297483,3665.0,6.968329749349274,525951
125,Utah,2013,54618,25.50412414267143,21390.0,9.988158032365556,2141536
126,Virginia,2013,124054,18.493531646771668,59413.0,8.857079946875112,6707967
127,Washington,2013,111994,19.857152051699448,57343.0,10.167229227463983,5639983
128,West Virginia,2013,24731,16.08385377747168,16518.0,10.74251331107829,1537629
129,Wisconsin,2013,68631,14.721923161818884,38554.0,8.2701552590049,4661823
130,Wyoming,2013,8591,18.50308312926313,5004.0,10.777491325670201,464301
131,Puerto Rico,2013,19835,6.711961266552336,18304.0,6.193886514896595,2955172
132,Alabama,2013,70223,17.955263592566396,47974.0,12.266434296310047,3910998
133,Alaska,2013,12186,21.14233863482188,5152.0,8.938562994141009,576379
134,Arizona,2013,88102,16.682544073769634,47265.0,8.949858637110642,5281089
135,Arkansas,2013,51882,21.94782389453944,29892.0,12.645317294159304,2363879
136,California,2013,517421,16.83608797517393,236582.0,7.698016441819327,30732852
137,Colorado,2013,92616,21.922622723583366,46730.0,11.061200655103336,4224677
138,Delaware,2013,14047,18.609932009559998,5248.0,6.952724651966317,754812
139,District of Columbia,2013,11637,21.153951027976223,5168.0,9.394484739415752,550110
140,Connecticut,2013,43067,14.572648545966594,20806.0,7.040158953430259,2955331
141,Florida,2013,241757,14.898903620350321,153528.0,9.461562126536746,16226496
142,Georgia,2013,143728,18.15576633924862,79567.0,10.050928561692883,7916383
143,Idaho,2013,25598,20.39097979143815,13765.0,10.964990891051883,1255359
144,Hawaii,2013,23940,20.902856723752247,8834.0,7.713276369992788,1145298
145,Illinois,2013,160451,15.451330106148868,71987.0,6.932302698963164,10384284
146,Indiana,2013,98383,18.733931069309623,55784.0,10.622298677315877,5251594
147,Iowa,2013,41185,16.530255766424297,22077.0,8.860955604111913,2491492
148,Kansas,2013,47986,20.94609695285055,23882.0,10.424596495394006,2290928
149,Kentucky,2013,68537,19.314548685135684,44209.0,12.45862647651872,3548465
150,Louisiana,2013,58068,15.730617110039553,37082.0,10.045511188167092,3691400
151,Maine,2013,18830,16.85587377519653,11565.0,10.352532140740728,1117118
152,Maryland,2013,78166,16.236529969843417,42157.0,8.756791878037625,4814206
153,Massachusetts,2013,78955,14.22666443234789,38206.0,6.884224448132271,5549790
154,Michigan,2013,120193,14.91280834213017,72135.0,8.950067223212331,8059716
155,Minnesota,2013,76738,17.638089336469687,29663.0,6.817986447232145,4350698
156,Alabama,2014,71382,18.15427702070669,38997.0,9.917939270075072,3931966
157,Alaska,2014,16826,29.021453038921795,5598.0,9.655419833108535,579778
158,Arizona,2014,94220,17.50674712115089,43953.0,8.166780473529451,5381925
159,Arkansas,2014,47876,20.10349883853543,28089.0,11.794786090642946,2381476
160,California,2014,551267,17.66534671207485,216472.0,6.936843550323648,31206124
161,Colorado,2014,92847,21.54572168432885,43697.0,10.140159622175384,4309301
162,Delaware,2014,14214,18.56847435175593,7297.0,9.532443882423175,765491
163,District of Columbia,2014,14971,26.764373045768135,4067.0,7.270770501445394,559363
164,Connecticut,2014,40893,13.778447762320512,22810.0,7.685579279058296,2967896
165,Florida,2014,240140,14.514504803887668,142535.0,8.615078463488501,16544829
166,Georgia,2014,152486,19.01325963075728,80293.0,10.011618479941726,8019982
167,Idaho,2014,28647,22.478407875564077,13945.0,10.942206786914548,1274423
168,Hawaii,2014,22759,19.64095854850736,7462.0,6.439686835491978,1158752
169,Illinois,2014,164477,15.796624735249486,74070.0,7.11379703022264,10412161
170,Indiana,2014,103454,19.575723710838478,56632.0,10.715993438554378,5284811
171,Iowa,2014,45606,18.21828627628471,17749.0,7.090215390908593,2503309
172,Kansas,2014,46164,20.078759678593702,23849.0,10.37298196808728,2299146
173,Kentucky,2014,63331,17.743801814977626,38467.0,10.77751534661926,3569190
174,Louisiana,2014,67719,18.219999246651636,28036.0,7.543169551811534,3716740
175,Maine,2014,17571,15.692736382391555,12145.0,10.846752226062572,1119690
176,Maryland,2014,74581,15.362480045316444,36558.0,7.530356866985942,4854750
177,Massachusetts,2014,81193,14.486178066891947,38045.0,6.787859107988424,5604860
178,Michigan,2014,117560,14.5330401671176,71691.0,8.862607882109797,8089154
179,Minnesota,2014,76325,17.39825582057993,33663.0,7.673468531780966,4386934
180,Mississippi,2014,47538,19.943723944425404,25337.0,10.629688535064714,2383607
181,Missouri,2014,83224,16.95268103073539,44437.0,9.05179139386221,4909194
182,Montana,2014,13794,16.511415787470284,7981.0,9.553255719863733,835422
183,Nebraska,2014,25786,17.320803638000175,13021.0,8.746381143659361,1488730
184,Nevada,2014,48664,21.269379506150393,23148.0,10.117203616808508,2287984
185,New Hampshire,2014,20634,18.569315003401766,9952.0,8.956180232327924,1111188
186,New Jersey,2014,107634,14.780736073350814,43770.0,6.010673373939138,7282046
187,New Mexico,2014,28939,17.3510391197311,15141.0,9.07813273823728,1667854
188,New York,2014,252095,15.515379301618063,99728.0,6.1378359229328865,16248072
189,North Carolina,2014,144032,17.936797545894613,67534.0,8.410239984617633,8029973
190,North Dakota,2014,11130,18.610888623948018,3769.0,6.3022856445337,598037
191,Ohio,2014,147459,15.649510564764803,77861.0,8.263222604813217,9422595
192,Oklahoma,2014,70862,23.001616494738276,37020.0,12.016593415867616,3080740
193,Oregon,2014,59745,18.337408312958438,31190.0,9.573081685181583,3258094
194,Pennsylvania,2014,164346,15.559280027561472,75875.0,7.183383666722809,10562571
195,Rhode Island,2014,13415,15.208509055950081,6693.0,7.587815960601855,882072
196,South Carolina,2014,71199,18.120782309592315,34993.0,8.906031480211293,3929135
197,South Dakota,2014,14825,21.938132247352627,4978.0,7.3664770541194855,675764
198,Tennessee,2014,101942,19.20052496226457,54304.0,10.228024833246506,5309334
199,Texas,2014,426174,20.292524443579744,209898.0,9.994416120313538,21001527
200,Vermont,2014,7959,15.072036722821476,3529.0,6.682902072476064,528064
201,Utah,2014,55190,25.33681808311523,23352.0,10.72051777272888,2178253
202,Virginia,2014,130323,19.244007871078747,56982.0,8.414186724598185,6772134
203,Washington,2014,112738,19.70167355352042,50063.0,8.748823671786734,5722255
204,West Virginia,2014,26873,17.53705897132192,16828.0,10.981789467845244,1532355
205,Wisconsin,2014,76223,16.278617802836155,35922.0,7.671706817016915,4682400
206,Wyoming,2014,11958,25.484901506545985,3499.0,7.457072283944171,469219
207,Puerto Rico,2014,23674,8.103083100926751,18635.0,6.3783455937218045,2921604
208,Mississippi,2015,40277,16.865377215054185,22651.0,9.484759522759695,2388147
209,Missouri,2015,87339,17.710583766504755,44627.0,9.049453528753565,4931458
210,Montana,2015,15476,18.32698196907292,6967.0,8.250457700861402,844438
211,Nebraska,2015,26878,17.897261541862598,13310.0,8.862733504062476,1501794
212,Nevada,2015,47542,20.378971192445437,28977.0,12.421047668240533,2332895
213,New Hampshire,2015,16425,14.696618838157343,8330.0,7.453445048514501,1117604
214,New Jersey,2015,99198,13.563093858775266,45501.0,6.22123766273648,7313818
215,New Mexico,2015,29470,17.657396184156994,14419.0,8.639361913110271,1668989
216,New York,2015,250300,15.34413937554441,100403.0,6.155004497494148,16312417
217,North Carolina,2015,154215,18.929418426254195,66898.0,8.211524390490892,8146843
218,North Dakota,2015,13739,22.46182519700487,4603.0,7.525422620410032,611660
219,Ohio,2015,154923,16.39145489755063,83251.0,8.808279026845515,9451449
220,Oklahoma,2015,65525,21.079624198797344,36177.0,11.638268823195597,3108452
221,Oregon,2015,60876,18.35278923143851,29063.0,8.761862038131571,3316989
222,Pennsylvania,2015,174585,16.486277818970784,75367.0,7.116999171649174,10589716
223,Rhode Island,2015,12433,14.085655923894633,4403.0,4.988268562125639,882671
224,South Carolina,2015,71888,17.995281395305177,35180.0,8.806393271294738,3994825
225,South Dakota,2015,13589,19.900883670116016,5060.0,7.410292984825008,682834
226,Tennessee,2015,104146,19.418424289568822,48885.0,9.114797221166167,5363257
227,Texas,2015,449068,20.938924251972285,198419.0,9.251784609796486,21446565
228,Vermont,2015,8359,15.797809209183479,4450.0,8.410126926769529,529124
229,Utah,2015,61197,27.46263753868854,20604.0,9.246207883509628,2228373
230,Virginia,2015,132773,19.448624828581465,57357.0,8.401668820414896,6826858
231,Washington,2015,114216,19.595066852364823,54274.0,9.311328170705053,5828814
232,West Virginia,2015,28332,18.494933346563272,17312.0,11.301153681198057,1531879
233,Wisconsin,2015,75678,16.08839668129783,31661.0,6.730816450310137,4703887
234,Wyoming,2015,10539,22.51648837641569,6032.0,12.887319279489464,468057
235,Puerto Rico,2015,22392,7.773380545719642,18699.0,6.491355967506769,2880600
236,Alabama,2015,66541,16.857755515043053,39540.0,10.017217250489207,3947204
237,Alaska,2015,16278,27.939356594961716,5987.0,10.276012282469331,582619
238,Arizona,2015,97098,17.71216177465288,48308.0,8.812118797605835,5481996
239,Arkansas,2015,48869,20.438890982404295,28604.0,11.963290381646697,2390981
240,California,2015,556876,17.635639397860576,205522.0,6.508651621415003,31576740
241,Colorado,2015,88204,20.018519695332856,37328.0,8.471852786578667,4406120
242,Delaware,2015,14342,18.46932060664674,4753.0,6.120811661092732,776531
243,District of Columbia,2015,13419,23.54433577917908,4550.0,7.9832124446877435,569946
244,Connecticut,2015,42656,14.352870792870268,21807.0,7.337609090869325,2971949
245,Florida,2015,288598,17.087745946679824,142227.0,8.421190870201565,16889179
246,Georgia,2015,159846,19.639419346682082,72487.0,8.906088298630833,8139039
247,Idaho,2015,28230,21.804413713840823,14651.0,11.316204935227837,1294692
248,Hawaii,2015,27685,23.6968041626259,7272.0,6.224423329261893,1168301
249,Illinois,2015,164956,15.841613824793804,72347.0,6.947872374344414,10412828
250,Indiana,2015,97957,18.431120421031164,54771.0,10.30544929489774,5314761
251,Iowa,2015,51256,20.350552318817908,19014.0,7.549270364250111,2518654
252,Kansas,2015,42839,18.524492337496106,23875.0,10.324056456913551,2312560
253,Kentucky,2015,75960,21.165819820246572,39106.0,10.896663374020044,3588805
254,Louisiana,2015,65663,17.55263880345979,30804.0,8.234340278418218,3740919
255,Maine,2015,18055,16.103181660478395,10633.0,9.483529803149642,1121207
256,Maryland,2015,79606,16.2774449036728,36494.0,7.462114342067624,4890571
257,Massachusetts,2015,84549,14.942809277835796,40294.0,7.121379993153266,5658173
258,Michigan,2015,121976,15.0275896769221,63354.0,7.805288879711768,8116804
259,Minnesota,2015,76645,17.337516626100488,31448.0,7.113708955021308,4420760
260,Mississippi,2016,49530,20.73983379659135,19486.0,8.15942663760103,2388158
261,Missouri,2016,84406,17.07336758147655,43935.0,8.887027044193212,4943723
262,Montana,2016,15393,18.060690396377773,8496.0,9.968402884923377,852293
263,Nebraska,2016,26764,17.731102569300624,11473.0,7.600842167747201,1509438
264,Nevada,2016,44908,18.8986849026828,23367.0,9.833561283534982,2376250
265,New Hampshire,2016,17850,15.884937875209351,8671.0,7.716431166159119,1123706
266,New Jersey,2016,104009,14.221296216409709,47058.0,6.43430623649692,7313609
267,New Mexico,2016,24257,14.467461779646309,13216.0,7.882342205540901,1676659
268,New York,2016,246809,15.153310546073962,96912.0,5.950097571973145,16287464
269,North Carolina,2016,148848,18.04127210070377,64932.0,7.870148608264117,8250416
270,North Dakota,2016,12008,19.73338241480858,5269.0,8.658826777450567,608512
271,Ohio,2016,155469,16.417833216467148,72835.0,7.691519739120885,9469520
272,Oklahoma,2016,63913,20.50279698788881,32737.0,10.501776868438595,3117282
273,Oregon,2016,60622,17.963527123823646,30860.0,9.144443387568831,3374727
274,Pennsylvania,2016,158408,14.96447439371433,80161.0,7.572642997036352,10585604
275,Rhode Island,2016,13010,14.676800164253812,5932.0,6.691989129466074,886433
276,South Carolina,2016,74760,18.475111360982574,34757.0,8.58934517888806,4046525
277,South Dakota,2016,12956,18.92157535697021,4687.0,6.845123780342651,684721
278,Tennessee,2016,109427,20.242929209777106,51765.0,9.576020822503695,5405690
279,Texas,2016,453745,20.839855189082375,189052.0,8.682886430057414,21772944
280,Vermont,2016,6936,13.159442507124236,3504.0,6.648022858270376,527074
281,Utah,2016,61091,26.83242853880075,20667.0,9.077373109155115,2276760
282,Virginia,2016,131864,19.21980118763866,53317.0,7.77120472548482,6860841
283,Washington,2016,113706,19.17704947063511,52622.0,8.87494676836544,5929275
284,West Virginia,2016,20814,13.694682404958352,14800.0,9.737739002276525,1519860
285,Wisconsin,2016,77516,16.427036839403865,33969.0,7.198643046567288,4718806
286,Wyoming,2016,10797,23.14960731216271,4958.0,10.630337413513264,466401
287,Puerto Rico,2016,22537,7.89438471297955,15911.0,5.573392872530399,2854814
288,Alabama,2016,64432,16.261992942165836,35802.0,9.036067036805024,3962122
289,Alaska,2016,14040,24.01354610292986,5239.0,8.960610258778456,584670
290,Arizona,2016,93345,16.730575451498808,47891.0,8.583684063931965,5579306
291,Arkansas,2016,51744,21.55184621818079,29244.0,12.18039175178724,2400908
292,California,2016,550734,17.375222481083487,219719.0,6.931960816512477,31696515
293,Colorado,2016,103575,23.06498011167392,37798.0,8.417186756080625,4490574
294,Delaware,2016,10689,13.654253205983906,6233.0,7.962106860594788,782833
295,District of Columbia,2016,14696,25.512117214082355,3573.0,6.20269425734324,576040
296,Connecticut,2016,47228,15.920310801358493,23125.0,7.7953160684639435,2966525
297,Florida,2016,269433,15.669045619601702,145447.0,8.45856178802971,17195240
298,Georgia,2016,156094,18.961715662699778,74736.0,9.078649927399711,8232061
299,Idaho,2016,26526,20.08332847515553,15525.0,11.754266552695077,1320797
300,Hawaii,2016,24116,20.646676934641402,7472.0,6.397079534567944,1168033
301,Illinois,2016,166799,16.0475201862755,71154.0,6.845636072963547,10394067
302,Indiana,2016,106228,19.926202446000065,51828.0,9.721873897383846,5331071
303,Iowa,2016,40524,16.020893104303035,18957.0,7.494523506521386,2529447
304,Kansas,2016,45431,19.66451168331094,22589.0,9.777501142706761,2310304
305,Kentucky,2016,66605,18.497843468890682,34493.0,9.579552807934036,3600690
306,Louisiana,2016,55893,14.897986654103523,35449.0,9.448745440418582,3751715
307,Maine,2016,15839,14.095047911950223,9687.0,8.62041348084234,1123728
308,Maryland,2016,84096,17.15434792630582,39865.0,8.131874049683477,4902314
309,Massachusetts,2016,89764,15.794531035415934,32846.0,5.779456869003963,5683233
310,Michigan,2016,133502,16.403832467649917,64962.0,7.982095884432246,8138464
311,Minnesota,2016,76568,17.219038092466647,29916.0,6.727676621751022,4446706
312,Mississippi,2017,39265,16.408143855105205,18727.0,7.825679612238767,2393019
313,Missouri,2017,94353,19.00904668884419,44321.0,8.929233392645314,4963584
314,Montana,2017,14473,16.842230207790273,6295.0,7.325491546883145,859328
315,Nebraska,2017,25795,16.95650601974041,12084.0,7.943493651581436,1521245
316,Nevada,2017,47432,19.520948226191457,21022.0,8.651740884023377,2429800
317,New Hampshire,2017,18963,16.725998108920532,9353.0,8.249657771066484,1133744
318,New Jersey,2017,104932,14.22334660983039,46652.0,6.323595910130441,7377448
319,New Mexico,2017,24218,14.398626369379643,14483.0,8.610756697816722,1681966
320,New York,2017,263797,16.074845037158113,92511.0,5.637289238439157,16410547
321,North Carolina,2017,148423,17.717624119642757,68227.0,8.144427351629236,8377139
322,North Dakota,2017,13520,22.28390218817371,4966.0,8.18504868834842,606716
323,Ohio,2017,168625,17.720485133025278,69909.0,7.3466057533857025,9515823
324,Oklahoma,2017,63473,20.283262002812744,33094.0,10.575430068235075,3129329
325,Oregon,2017,61434,17.979370871276906,27886.0,8.161160531894843,3416916
326,Pennsylvania,2017,171118,16.1258084084182,72091.0,6.793707581734688,10611437
327,Rhode Island,2017,11196,12.575070226533219,5615.0,6.3066290927102555,890333
328,South Carolina,2017,67134,16.333917098813703,34625.0,8.424373336110234,4110098
329,South Dakota,2017,12752,18.47360933647408,6517.0,9.441069012374653,690282
330,Tennessee,2017,109471,20.02400956870759,53623.0,9.808510611055048,5466987
331,Texas,2017,454576,20.50909361939059,180620.0,8.149027862303175,22164607
332,Vermont,2017,7989,15.166558772550978,3309.0,6.281905492348377,526751
333,Utah,2017,64217,27.58541590329275,21819.0,9.372692427144596,2327933
334,Virginia,2017,128853,18.621398284876914,56359.0,8.144811420280304,6919620
335,Washington,2017,113014,18.745681148593036,50104.0,8.31077218989776,6028802
336,West Virginia,2017,24433,16.225592380552666,15285.0,10.15054146182407,1505831
337,Wisconsin,2017,78186,16.496116494407513,32979.0,6.958092572443472,4739661
338,Wyoming,2017,10741,23.218060845542936,4036.0,8.724336055545228,462614
339,Puerto Rico,2017,19771,7.030391303095527,18594.0,6.611860598338892,2812219
340,Alabama,2017,61604,15.509082798019397,40994.0,10.320423028082708,3972124
341,Alaska,2017,14687,25.164528073004032,4922.0,8.433295239009045,583639
342,Arizona,2017,90257,15.93737705774869,49620.0,8.76178744701785,5663228
343,Arkansas,2017,53195,21.999140629490967,29908.0,12.36864927054828,2418049
344,California,2017,535884,16.741218181636988,209426.0,6.542547191010569,32009857
345,Colorado,2017,101085,22.17469274937892,41801.0,9.169751512259861,4558575
346,Delaware,2017,15165,19.135381086193124,6765.0,8.536159119557961,792511
347,District of Columbia,2017,12923,22.084520328593324,2490.0,4.25523915640311,585161
348,Connecticut,2017,43879,14.69079163007556,21393.0,7.162426339301408,2986837
349,Florida,2017,290128,16.565303190017605,141962.0,8.105538146822367,17514198
350,Georgia,2017,151813,18.1817985840011,77295.0,9.257192213778563,8349724
351,Idaho,2017,30471,22.580327229854557,14137.0,10.47612766395766,1349449
352,Hawaii,2017,21552,18.454898871401415,5952.0,5.096675857580792,1167820
353,Illinois,2017,168149,16.14786868473171,63102.0,6.059880283224642,10413077
354,Indiana,2017,103904,19.368412733001517,48373.0,9.017056409122674,5364611
355,Iowa,2017,45392,17.88592129910925,18571.0,7.317576763433157,2537862
356,Kansas,2017,48072,20.733013286776924,18266.0,7.877958493432088,2318621
357,Kentucky,2017,78635,21.76729930749345,38566.0,10.675623642052424,3612529
358,Louisiana,2017,56283,14.967314595225927,29997.0,7.977089634756358,3760394
359,Maine,2017,15277,13.539874696112813,10600.0,9.394689518805775,1128297
360,Maryland,2017,89403,18.110443257469193,36956.0,7.486208975347935,4936544
361,Massachusetts,2017,92913,16.19041445495425,39779.0,6.931629552415973,5738766
362,Michigan,2017,135183,16.524857329885332,61768.0,7.550560259443548,8180585
363,Minnesota,2017,69678,15.507136647878635,30963.0,6.890947961024515,4493286
364,Wisconsin,2018,74366,15.605422005940746,30744.0,6.45151136474521,4765395
365,Wyoming,2018,9321,19.969577513068817,4125.0,8.837518210643585,466760
366,Puerto Rico,2018,18476,6.790547481458858,12700.0,4.667674443306316,2720841
367,Mississippi,2018,43843,18.26026257327137,20141.0,8.38856712561318,2401006
368,Missouri,2018,96054,19.28366138618155,44738.0,8.98153583499896,4981108
369,Montana,2018,13892,15.95005103511147,7162.0,8.223025159334028,870969
370,Nebraska,2018,25727,16.79876093875083,10633.0,6.942948072520604,1531482
371,Nevada,2018,45025,18.307697812590977,23545.0,9.573675624596437,2459348
372,New Hampshire,2018,17111,14.90772734480229,9338.0,8.135606215052526,1147794
373,New Jersey,2018,110212,15.097887909429112,39096.0,5.355741894775891,7299829
374,New Mexico,2018,26419,15.55833388788742,11252.0,6.6263815021957395,1698061
375,New York,2018,254313,15.728770445969795,90813.0,5.61660957367439,16168651
376,North Carolina,2018,143199,16.875023200372855,68160.0,8.032190038599527,8485855
377,North Dakota,2018,12475,20.456721939444826,3721.0,6.101760507949835,609824
378,Ohio,2018,158068,16.546515274656578,68074.0,7.125967816426929,9552948
379,Oklahoma,2018,64904,20.637641565019035,33434.0,10.631069087958313,3144933
380,Oregon,2018,65465,18.869131841231233,30651.0,8.834610250753512,3469423
381,Pennsylvania,2018,159268,14.993239919138851,69324.0,6.526052717145828,10622654
382,Rhode Island,2018,12854,14.428900006847385,4468.0,5.015429067262652,890851
383,South Carolina,2018,60058,14.417496692579496,30902.0,7.41832033690918,4165633
384,South Dakota,2018,12935,18.43966373808407,6355.0,9.059455976461095,701477
385,Tennessee,2018,97719,17.710308440175627,49104.0,8.899466691701551,5517634
386,Texas,2018,418645,18.577444640528476,187580.0,8.323895103656636,22535123
387,Vermont,2018,9406,17.696018301814377,2906.0,5.467215520420219,531532
388,Utah,2018,54943,23.05769270314653,19938.0,8.36729478032389,2382849
389,Virginia,2018,130455,18.726341763811675,56242.0,8.073334969761957,6966390
390,Washington,2018,117890,19.19171446688009,51134.0,8.324277950203125,6142755
391,West Virginia,2018,23939,15.881861612388102,12991.0,8.61862501384911,1507317
392,Alabama,2018,69378,17.398945650677383,39787.0,9.977973573805832,3987483
393,Alaska,2018,12120,20.78994946601392,4461.0,7.652142291079877,582974
394,Arizona,2018,112552,19.381247241600732,45409.0,7.81934622213597,5807263
395,Arkansas,2018,45129,18.573836856116042,28785.0,11.847102614799804,2429708
396,California,2018,524535,16.349026333173356,206449.0,6.434728163911476,32083562
397,Colorado,2018,88528,19.065988806958586,41453.0,8.927598432302258,4643242
398,Delaware,2018,12351,15.465853908975479,,,798598
399,District of Columbia,2018,14184,24.011294652983974,3130.0,5.2986006954201805,590722
400,Connecticut,2018,40635,13.656363088868694,19030.0,6.395486393039775,2975536
401,Florida,2018,292079,16.416551524277644,137243.0,7.713860910392177,17791739
402,Georgia,2018,147272,17.424665404705934,70049.0,8.28793244428164,8451927
403,Idaho,2018,33259,23.98585325783981,11233.0,8.10105804880828,1386609
404,Hawaii,2018,23535,20.218307899014125,8434.0,7.245430585098158,1164044
405,Illinois,2018,180568,17.393671492451723,66082.0,6.3655165896736685,10381247
406,Indiana,2018,92881,17.223935077887027,50229.0,9.314510341481975,5392554
407,Iowa,2018,46381,18.220166201416884,16486.0,6.4763084020732355,2545586
408,Kansas,2018,45295,19.478788139419873,18736.0,8.057281699529103,2325350
409,Kentucky,2018,62369,17.18579417167112,38199.0,10.525744385250125,3629102
410,Louisiana,2018,58840,15.72105231658416,29221.0,7.807356725746189,3742752
411,Maine,2018,14487,12.768545327146049,9636.0,8.492973201655232,1134585
412,Maryland,2018,84673,17.170749315333786,37031.0,7.5094778488553064,4931235
413,Massachusetts,2018,94582,16.35503756668194,37338.0,6.4564546389880775,5783050
414,Michigan,2018,130843,15.91635032976647,59097.0,7.1888336054524045,8220666
415,Minnesota,2018,76429,16.88976340541686,29975.0,6.624064924012749,4525167
416,Mississippi,2019,39545,16.510717039836567,18513.0,7.729495626716257,2395111
417,Missouri,2019,92852,18.572669580222705,45450.0,9.091110933756104,4999389
418,Montana,2019,14657,16.64958958199386,6672.0,7.57904494037409,880322
419,Nebraska,2019,28230,18.376968054150538,10383.0,6.759052756154624,1536162
420,Nevada,2019,45308,18.094372046455586,23509.0,9.38864201554084,2503983
421,New Hampshire,2019,17173,14.909706546275395,7169.0,6.224170862997048,1151800
422,New Jersey,2019,109701,15.0637098489537,40592.0,5.573933785368671,7282469
423,New Mexico,2019,24335,14.290387006112539,15174.0,8.91071840685234,1702893
424,New York,2019,250009,15.511793191808827,93103.0,5.776569969629002,16117350
425,North Carolina,2019,137028,15.953391155081729,66977.0,7.797751404048143,8589271
426,North Dakota,2019,12508,20.433668176701893,4846.0,7.916657817740437,612127
427,Ohio,2019,154513,16.16269960692902,74483.0,7.79123021896471,9559851
428,Oklahoma,2019,61753,19.52389925335384,31055.0,9.818384391250682,3162944
429,Oregon,2019,59030,16.84600926801621,31351.0,8.946963180782252,3504094
430,Pennsylvania,2019,166357,15.652597892600692,67037.0,6.307538636343963,10628076
431,Rhode Island,2019,11822,13.241012866922333,6828.0,7.647575355722017,892832
432,South Carolina,2019,67083,15.880715310427112,26280.0,6.221325795775748,4224180
433,South Dakota,2019,11916,16.933520725657353,4633.0,6.5838369857309935,703693
434,Tennessee,2019,97385,17.474856734347007,50132.0,8.995733612017089,5572864
435,Texas,2019,430916,18.871720596441598,188087.0,8.237162954782164,22833954
436,Vermont,2019,6622,12.451066294124947,3563.0,6.6993580800312875,531842
437,Utah,2019,50562,20.76959477888815,19655.0,8.073778437938502,2434424
438,Virginia,2019,127214,18.20449584390733,54829.0,7.846104223006862,6988054
439,Washington,2019,130187,20.91215327858043,46567.0,7.480134281638373,6225423
440,West Virginia,2019,23427,15.64736488810668,12903.0,8.618173438820186,1497185
441,Wisconsin,2019,73931,15.460309699712692,29413.0,6.150790455933903,4781987
442,Wyoming,2019,11421,24.496808401111913,3893.0,8.350063488795085,466224
443,Puerto Rico,2019,21395,7.823444297405703,12468.0,4.559135475580944,2734729
444,Illinois,2019,165923,16.0260793840657,62671.0,6.053232047870285,10353312
445,Georgia,2019,149647,17.521484006363828,72723.0,8.514804048158645,8540772
446,Idaho,2019,27378,19.326529258041425,13810.0,9.74868029270042,1416602
447,Hawaii,2019,17963,15.439226792383097,7073.0,6.079254640234128,1163465
448,Indiana,2019,94729,17.43005777390071,49914.0,9.1841347816031,5434807
449,Iowa,2019,40406,15.815125155779336,16213.0,6.345855173752669,2554896
450,Kansas,2019,43395,18.625998365530553,18761.0,8.052594891939593,2329808
451,Kentucky,2019,63463,17.446728961685537,34258.0,9.417929199209354,3637530
452,Louisiana,2019,54877,14.670746968445744,27280.0,7.293000297013318,3740573
453,Maine,2019,22571,19.735846911874646,6814.0,5.958090508064058,1143655
454,Maryland,2019,79562,16.11482802370254,37413.0,7.577789156265342,4937192
455,Massachusetts,2019,91054,15.73611087828182,34541.0,5.969435783674878,5786309
456,Michigan,2019,133532,16.239594708206717,61602.0,7.4917736064385325,8222619
457,Minnesota,2019,80247,17.613693232401452,29431.0,6.459912588916809,4555944
458,Connecticut,2019,38104,12.80794237636003,20736.0,6.9700160905994535,2975029
459,Florida,2019,285501,15.892338605934507,149423.0,8.317592272932675,17964694
460,Alabama,2019,64191,16.029844663510858,35358.0,8.829637295141328,4004468
461,Alaska,2019,11330,19.594448527822212,3562.0,6.160231743698387,578225
462,Arizona,2019,95506,16.135264149779907,47053.0,7.949370553050008,5919085
463,Arkansas,2019,42999,17.623898890570256,24947.0,10.224968153283942,2439812
464,California,2019,511507,15.922837026592362,195500.0,6.0857713358738135,32124112
465,Colorado,2019,99181,21.009318316136426,33383.0,7.071455957769959,4720810
466,Delaware,2019,10234,12.706066979372816,8071.0,10.020584970736564,805442
467,District of Columbia,2019,14095,23.76468326962926,2528.0,4.262300057156635,593107
468,Alabama,2021,79040,19.214705862332856,37164.0,9.034606891039198,4113516
469,Puerto Rico,2021,13368,4.71849956796503,10190.0,3.5967617143599386,2833104
470,Arizona,2021,96446,16.205307328043133,39667.0,6.665034587038208,5951507
471,Arkansas,2021,50667,20.720953572009883,27636.0,11.302115241006279,2445206
472,California,2021,441462,13.786536255731,178497.0,5.57433111352555,32021241
473,Colorado,2021,95036,19.82521203898288,36036.0,7.517375952657804,4793694
474,Connecticut,2021,39501,13.086149406914283,13103.0,4.340847464084399,3018535
475,Delaware,2021,11288,13.56686742136974,5437.0,6.534643707475839,832027
476,District of Columbia,2021,11916,21.291003854036195,2701.0,4.826032343886519,559673
477,Florida,2021,260150,14.253567542213215,131040.0,7.1796559320838735,18251571
478,Georgia,2021,150690,17.25838094878147,70604.0,8.086208298545138,8731410
479,Hawaii,2021,17456,14.733275883460598,5760.0,4.861575910216146,1184801
480,Idaho,2021,26221,17.29794273161174,15113.0,9.970016723345726,1515845
481,Illinois,2021,131967,12.717601253806478,59151.0,5.700355632574105,10376721
482,Indiana,2021,98561,17.917979535606168,45963.0,8.35588207703926,5500676
483,Iowa,2021,40226,15.543036429112378,15572.0,6.0169085485541185,2588040
484,Kansas,2021,38821,16.48493505986145,16143.0,6.854957540283439,2354938
485,Kentucky,2021,64301,17.50685084422276,29056.0,7.910904311437405,3672905
486,Louisiana,2021,51093,13.713270708869246,27776.0,7.455029205753277,3725807
487,Maine,2021,15748,13.472691449871373,9338.0,7.9888235178371145,1168883
488,Maryland,2021,67319,13.35085973713964,33990.0,6.740975392762466,5042297
489,Massachusetts,2021,72884,12.413590364121651,27300.0,4.649731311954902,5871307
490,Michigan,2021,117013,14.119748957034515,47288.0,5.706158193365252,8287187
491,Minnesota,2021,68462,14.790257121734992,28211.0,6.0945917978041235,4628858
492,Mississippi,2021,37057,15.553712500807968,19382.0,8.135090689766036,2382518
493,Missouri,2021,88681,17.64199527363783,38041.0,7.567789517534271,5026699
494,Montana,2021,13547,14.877020510674843,7892.0,8.666822607975629,910599
495,Nebraska,2021,24353,15.572823878031532,11923.0,7.62430826172422,1563814
496,Nevada,2021,41168,16.034018541476065,20071.0,7.817207203312431,2567541
497,New Hampshire,2021,14094,11.93928196578829,7180.0,6.08230768513977,1180473
498,New Jersey,2021,97916,12.872898076979709,42601.0,5.600701938165495,7606368
499,New Mexico,2021,26227,15.175791409970877,9922.0,5.7411904666843725,1728213
500,New York,2021,220575,13.414319761258861,84382.0,5.131710892415483,16443249
501,North Carolina,2021,136545,15.765729878993739,70406.0,8.129202664765705,8660874
502,North Dakota,2021,12490,20.141035626573267,4508.0,7.269478671304427,620127
503,Ohio,2021,151299,15.700213391488498,69235.0,7.184477585177074,9636748
504,Oklahoma,2021,62856,19.668868576935957,27325.0,8.550525548313207,3195710
505,Oregon,2021,52423,14.80647335185025,27778.0,7.845682558565825,3540546
506,Pennsylvania,2021,157340,14.613639483538712,65771.0,6.108768796693941,10766654
507,Rhode Island,2021,12506,13.511849068345796,5180.0,5.5966238744627566,925558
508,South Carolina,2021,59035,13.803825508047886,27472.0,6.423624872653368,4276713
509,South Dakota,2021,11535,16.202549425852443,4684.0,6.579344734347017,711925
510,Tennessee,2021,100879,17.6750244242945,48637.0,8.521695922088954,5707432
511,Texas,2021,406350,17.384715081269213,172784.0,7.392151127358236,23373981
512,Utah,2021,56991,22.248586406075056,20152.0,7.867093282364313,2561556
513,Vermont,2021,7068,12.844463505586287,3109.0,5.649892054169181,550276
514,Virginia,2021,118524,16.721681852099373,51321.0,7.240503478886909,7088043
515,Washington,2021,97314,15.334208502312327,42485.0,6.694554208240739,6346203
516,West Virginia,2021,18451,12.414958777169288,11411.0,7.6780171593018665,1486191
517,Wisconsin,2021,70574,14.54409514765428,26461.0,5.453159828011448,4852416
518,Wyoming,2021,8374,17.770666304490838,4252.0,9.023271211690357,471226
519,Alaska,2021,13732,23.598678116573893,4806.0,8.259193637361939,581897
520,Alabama,2022,76991,18.506931415630856,36408.0,8.75167693600925,4160117
521,Alaska,2022,12201,20.811194822872014,3329.0,5.678261418354311,586271
522,Arizona,2022,101884,16.801800301259558,44518.0,7.341511383646823,6063874
523,Arkansas,2022,48260,19.53031731707021,28437.0,11.508156517727425,2471030
524,California,2022,524999,16.367679003825618,179771.0,5.604646908273606,32075348
525,Colorado,2022,102183,21.070775560350082,38077.0,7.851716244497127,4849513
526,Connecticut,2022,45747,15.076276129806187,17872.0,5.889855225302122,3034370
527,Delaware,2022,12995,15.343924714995012,7505.0,8.861574065874379,846915
528,District of Columbia,2022,13310,23.601717907160666,2263.0,4.012824013817024,563942
529,Florida,2022,310011,16.560156587284368,132854.0,7.096790253400935,18720294
530,Georgia,2022,165914,18.710363651864586,75870.0,8.555970504399665,8867492
531,Hawaii,2022,17331,14.55452129893077,7624.0,6.402612104497616,1190764
532,Idaho,2022,27968,17.93195244647279,12571.0,8.060017670359318,1559674
533,Illinois,2022,166920,16.105236314818583,57360.0,5.53436589394916,10364331
534,Indiana,2022,96691,17.42464311748132,47500.0,8.559954370937964,5549095
535,Iowa,2022,42880,16.41427046261983,16916.0,6.475368450225678,2612361
536,Kansas,2022,43832,18.4888588933765,16233.0,6.8472724588469775,2370725
537,Kentucky,2022,60269,16.347553617312258,33055.0,8.965942438405426,3686729
538,Louisiana,2022,57517,15.467771196281516,30251.0,8.135256471281746,3718506
539,Maine,2022,17423,14.705882352941176,7874.0,6.646049339784126,1184764
540,Maryland,2022,83381,16.493641775373455,39569.0,7.827165798080526,5055342
541,Massachusetts,2022,93166,15.80910563488069,31573.0,5.357543440848465,5893186
542,Michigan,2022,132082,15.893613554707832,49347.0,5.937994186067499,8310382
543,Minnesota,2022,74152,15.924615355210282,26184.0,5.623181147653819,4656439
544,Mississippi,2022,42486,17.78867128850004,17823.0,7.462399104997793,2388374
545,Missouri,2022,93637,18.511760207692628,37114.0,7.33732892284358,5058244
546,Montana,2022,15972,17.16810164135307,5944.0,6.389130738555136,930330
547,Nebraska,2022,33022,20.92606487067436,11526.0,7.304034392204974,1578032
548,Nevada,2022,50073,19.167329527402625,20788.0,7.9573911332583585,2612414
549,New Hampshire,2022,20484,17.162764743438284,7308.0,6.123095330260056,1193514
550,New Jersey,2022,115879,15.189745653457669,41219.0,5.403102599175621,7628765
551,New Mexico,2022,22052,12.645844109520855,12517.0,7.177944436734651,1743814
552,New York,2022,262206,15.99794703812293,91529.0,5.584449228668885,16389978
553,North Carolina,2022,170587,19.352126292570407,67194.0,7.622777668304009,8814897
554,North Dakota,2022,11635,18.536899343123025,3386.0,5.394580247169279,627667
555,Ohio,2022,150286,15.564797950516523,63321.0,6.558019848985647,9655506
556,Oklahoma,2022,61011,18.86349681017035,29912.0,9.248248948317773,3234342
557,Oregon,2022,58032,16.295932700089352,26293.0,7.383322278802202,3561134
558,Pennsylvania,2022,178027,16.450053246660243,63545.0,5.871685944036721,10822275
559,Rhode Island,2022,17240,18.576465213306093,5818.0,6.269018248898774,928056
560,South Carolina,2022,92307,21.149743953991912,30938.0,7.088636597967671,4364450
561,South Dakota,2022,10997,15.093081091170609,5087.0,6.98176807409156,728612
562,Tennessee,2022,104622,18.078206880749878,51366.0,8.875811728284665,5787189
563,Texas,2022,470375,19.67773486524386,173714.0,7.267176262303422,23903920
564,Utah,2022,52207,19.923423407952196,20916.0,7.982039266778941,2620383
565,Vermont,2022,9876,17.811957241202688,3178.0,5.7317132556239505,554459
566,Virginia,2022,134322,18.785586947847698,50487.0,7.060853235032137,7150269
567,Washington,2022,130022,20.231776471095316,43526.0,6.772763860584322,6426623
568,West Virginia,2022,21770,14.62397835355634,15423.0,10.360386685663732,1488651
569,Wisconsin,2022,75821,15.535472946668667,30948.0,6.341143176079211,4880508
570,Wyoming,2022,9056,19.066668070278862,4649.0,9.788089648710958,474965
571,Puerto Rico,2022,17673,6.270567927604443,14857.0,5.271421247123817,2818405
572,Alabama,2023,74502,17.808720827947038,35995.0,8.604130173712834,4183456
573,Alaska,2023,12298,20.932552178190523,5789.0,9.85351638961985,587506
574,Arizona,2023,111805,18.17975461030479,42429.0,6.899054678776638,6149973
575,Arkansas,2023,40155,16.08430571516579,21245.0,8.509801392571218,2496533
576,California,2023,522422,16.27488493807564,189592.0,5.906313258591019,32099889
577,Colorado,2023,102064,20.859374169724802,36922.0,7.545949728548551,4892956
578,Connecticut,2023,44237,14.584411688101886,15561.0,5.130276245643996,3033170
579,Delaware,2023,11005,12.82200654790339,7936.0,9.246292045812023,858290
580,District of Columbia,2023,12795,22.44898317247381,3036.0,5.326698937993785,569959
581,Florida,2023,343229,18.03088200073767,143100.0,7.517486034995763,19035619
582,Georgia,2023,157620,17.567358817483367,66007.0,7.356735525095956,8972322
583,Hawaii,2023,21942,18.459239841402976,6645.0,5.590267466325895,1188673
584,Idaho,2023,27931,17.596503253315056,12680.0,7.988387857650457,1587304
585,Illinois,2023,169556,16.373423286925423,62440.0,6.029609981573187,10355562
586,Indiana,2023,113174,20.302137219084017,44140.0,7.918217407269942,5574487
587,Iowa,2023,43189,16.519843587616297,16682.0,6.380884732886036,2614371
588,Kansas,2023,46740,19.629500527065108,15461.0,6.493190150812016,2381110
589,Kentucky,2023,76345,20.666207387536392,31204.0,8.44676580418738,3694195
590,Louisiana,2023,51318,13.875737549068543,22128.0,5.9831310745895925,3698398
591,Maine,2023,17723,14.80800064836701,7575.0,6.3290980596614625,1196853
592,Maryland,2023,91685,18.095465347632864,37283.0,7.358381791523108,5066739
593,Massachusetts,2023,101904,17.236649056317823,39555.0,6.690568117273624,5912054
594,Michigan,2023,130134,15.650900750024684,51371.0,6.17826565255443,8314793
595,Minnesota,2023,75368,16.116619247864016,30032.0,6.4220134440591785,4676415
596,Mississippi,2023,44694,18.64627399934917,20645.0,8.61306499119711,2396940
597,Missouri,2023,89557,17.64049144478416,38958.0,7.673752645866893,5076786
598,Montana,2023,17421,18.543197208674567,6622.0,7.048565060320475,939482
599,Nebraska,2023,29557,18.63266721301141,10389.0,6.549202546807035,1586300
600,Nevada,2023,44054,16.7124938163697,24447.0,9.27430735753371,2635992
601,New Hampshire,2023,18900,15.762728403185571,7079.0,5.903934093447125,1199031
602,New Jersey,2023,128382,16.789857504222244,44051.0,5.761010211077053,7646402
603,New Mexico,2023,24302,13.881249118213386,12848.0,7.338749430944184,1750707
604,New York,2023,266013,16.29846096743059,95787.0,5.868813481624107,16321357
605,North Carolina,2023,165000,18.45447878456342,55554.0,6.2134552387735535,8940919
606,North Dakota,2023,11442,18.057486628906183,5694.0,8.98613256991713,633643
607,Ohio,2023,153817,15.885213615985906,62224.0,6.426087701886703,9683030
608,Oklahoma,2023,57762,17.710473223648307,28617.0,8.774291268327682,3261460
609,Oregon,2023,65445,18.383173939459823,28848.0,8.103259252892306,3560049
610,Pennsylvania,2023,175735,16.24575852443566,62529.0,5.78047079280984,10817285
611,Rhode Island,2023,13339,14.359902939586998,5602.0,6.030750151253194,928906
612,South Carolina,2023,71810,16.155623128750936,30951.0,6.963273798328508,4444892
613,South Dakota,2023,13171,17.817284565207395,3752.0,5.075579051602623,739226
614,Tennessee,2023,117366,20.07922814575173,44901.0,7.68175981947411,5845145
615,Texas,2023,473756,19.481906688462,177094.0,7.282501505176693,24317743
616,Utah,2023,58333,21.941437092098518,20613.0,7.753395895623862,2658577
617,Vermont,2023,10482,18.897416343506787,2451.0,4.418771938364352,554679
618,Virginia,2023,122450,17.054025397615057,46713.0,6.505877406278416,7180123
619,Washington,2023,119446,18.503847596928864,40758.0,6.313981383684901,6455198
620,West Virginia,2023,27100,18.269162058927822,12532.0,8.448307709316733,1483374
621,Wisconsin,2023,80550,16.434827797486193,27897.0,5.691898088969242,4901177
622,Wyoming,2023,7637,15.948959986634367,4657.0,9.725586834850889,478840
623,Puerto Rico,2023,20843,7.397569588013972,12890.0,4.574901501199448,2817547
624,Alabama,2024,73286,17.324758973185464,37163.0,8.78530712169434,4230131
625,Alaska,2024,11614,19.500155309485635,3880.0,6.514603289203053,595585
626,Arizona,2024,116527,18.507865211369616,43921.0,6.975927878934194,6296080
627,Arkansas,2024,46061,18.29977123796099,20188.0,8.020576664682844,2517026
628,California,2024,519421,15.938097385999956,192400.0,5.9036695417905545,32589900
629,Colorado,2024,104078,20.920983176456446,38984.0,7.8362728737194995,4974814
630,Connecticut,2024,48112,15.582440346446308,17322.0,5.610222640529243,3087578
631,Delaware,2024,10474,11.947142392736357,7168.0,8.176161606944262,876695
632,District of Columbia,2024,13024,22.05297183437243,2915.0,4.935842513605316,590578
633,Florida,2024,320773,16.28507493973431,135707.0,6.889603130084279,19697361
634,Georgia,2024,166451,18.238251382406226,62136.0,6.8083218959164755,9126478
635,Hawaii,2024,17834,14.843433981925536,6920.0,5.759591967866138,1201474
636,Idaho,2024,34444,21.21617909204806,10648.0,6.558758418654272,1623478
637,Illinois,2024,158842,15.090567440563113,62030.0,5.8930754985339515,10525913
638,Indiana,2024,106307,18.86692329672007,42316.0,7.510067316583164,5634570
639,Iowa,2024,43040,16.267555939566634,16870.0,6.376246949360806,2645757
640,Kansas,2024,49121,20.374548923638475,14778.0,6.129661122402422,2410900
641,Kentucky,2024,72077,19.186340715998664,31550.0,8.398366324760433,3756683
642,Louisiana,2024,56610,15.204180787136634,26657.0,7.159474425767555,3723318
643,Maine,2024,14341,11.890351080835483,6338.0,5.254936556051551,1206104
644,Maryland,2024,89852,17.471749286659033,31968.0,6.216187521656903,5142702
645,Massachusetts,2024,93131,15.438898145644622,38120.0,6.319386641526162,6032231
646,Michigan,2024,135973,16.134224483255224,48758.0,5.785505338225663,8427613
647,Minnesota,2024,73144,15.43856834844425,28083.0,5.927503485307884,4737745
648,Mississippi,2024,39268,16.335944360941667,20893.0,8.69173081219197,2403779
649,Missouri,2024,91009,17.741189056757225,36540.0,7.1230652807294765,5129814
650,Montana,2024,15927,16.753377077736427,5313.0,5.588666567088192,950674
651,Nebraska,2024,32262,19.993629207480847,12272.0,7.605288501463175,1613614
652,Nevada,2024,49221,18.189303118467162,23644.0,8.737487717296228,2706041
653,New Hampshire,2024,16948,14.030800205974929,9832.0,8.13965232624177,1207914
654,New Jersey,2024,132849,16.97397002618368,41084.0,5.249257311351461,7826631
655,New Mexico,2024,25507,14.380454263818503,10212.0,5.757368524017507,1773727
656,New York,2024,269151,16.217144437491925,93140.0,5.611960694584073,16596695
657,North Carolina,2024,163146,17.87485302051336,56784.0,6.2214559591827605,9127124
658,North Dakota,2024,12519,19.3238877457934,4095.0,6.320897860773542,647851
659,Ohio,2024,154370,15.77623318697284,63665.0,6.506405945770719,9784972
660,Oklahoma,2024,67020,20.26085778824713,32121.0,9.710519442200628,3307856
661,Oregon,2024,62332,17.299336357359017,28221.0,7.832326434913509,3603144
662,Pennsylvania,2024,173357,15.84980604314484,68103.0,6.226569108581096,10937484
663,Rhode Island,2024,12399,13.085753425524977,4817.0,5.083803068856667,947519
664,South Carolina,2024,75885,16.70120912924603,24871.0,5.473753340626976,4543683
665,South Dakota,2024,14450,19.335992645632142,4832.0,6.465848890221073,747311
666,Tennessee,2024,119283,20.080555884761246,50108.0,8.435372134114807,5940224
667,Texas,2024,494264,19.75453591065072,184326.0,7.367064132258477,25020279
668,Utah,2024,67352,24.49065673736687,18725.0,6.808818556348655,2750110
669,Vermont,2024,6041,10.82292575519513,3967.0,7.107191933596934,558167
670,Virginia,2024,127785,17.5562535832769,51846.0,7.123070182561132,7278603
671,Washington,2024,121394,18.39183762022705,48816.0,7.395884024490533,6600428
672,West Virginia,2024,24649,16.53766984506963,12148.0,8.150416377050016,1490476
673,Wisconsin,2024,74442,15.007514643727264,27614.0,5.566985161224641,4960315
674,Wyoming,2024,10282,21.083108292374853,3776.0,7.742639263957153,487689
675,Puerto Rico,2024,19262,6.807401980585722,15925.0,5.628069595100593,2829567
